,userID,placeID,rating,food_rating,service_rating,user,resto
0,U1077,135085,2.0,2,2,0,0
1,U1077,135038,2.0,2,1,0,1
2,U1077,132825,2.0,2,2,0,2
3,U1077,135060,1.0,2,2,0,3
4,U1068,135104,1.0,1,2,1,4
5,U1068,132740,0.0,0,0,1,5
6,U1068,132663,1.0,1,1,1,6
7,U1068,132732,0.0,0,0,1,7
8,U1068,132630,1.0,1,1,1,8
9,U1067,132584,2.0,2,2,2,9
10,U1067,132733,1.0,1,1,2,10
11,U1067,132732,1.0,2,2,2,7
12,U1067,132630,1.0,0,1,2,8
13,U1067,135104,0.0,0,0,2,4
14,U1067,132560,1.0,0,0,2,11
15,U1103,132584,1.0,2,1,3,9
16,U1103,132732,0.0,0,2,3,7
17,U1103,132630,1.0,2,0,3,8
18,U1103,132613,2.0,2,2,3,12
19,U1103,132667,1.0,2,2,3,13
20,U1103,135104,1.0,2,0,3,4
21,U1103,132663,1.0,0,2,3,6
22,U1103,132733,2.0,2,2,3,10
23,U1107,132660,2.0,2,1,4,14
24,U1107,132584,2.0,2,2,4,9
25,U1107,132733,2.0,2,2,4,10
26,U1044,135088,2.0,2,2,5,15
27,U1044,132583,1.0,2,1,5,16
28,U1070,132608,2.0,2,1,6,17
29,U1070,132609,1.0,1,1,6,18
30,U1070,132613,1.0,1,0,6,12
31,U1031,132663,0.0,0,0,7,6
32,U1031,132665,0.0,0,0,7,19
33,U1031,132668,0.0,0,0,7,20
34,U1082,132630,1.0,1,1,8,8
35,U1023,132715,0.0,0,0,9,21
36,U1023,132717,0.0,0,0,9,22
37,U1082,132613,0.0,0,0,8,12
38,U1082,132594,0.0,0,0,8,23
39,U1082,132608,0.0,0,0,8,17
40,U1082,132609,0.0,0,0,8,18
41,U1082,132663,0.0,0,0,8,6
42,U1082,132560,0.0,0,0,8,11
43,U1060,132564,2.0,2,2,10,24
44,U1060,132717,2.0,2,2,10,22
45,U1060,132733,2.0,1,2,10,10
46,U1060,132740,1.0,2,1,10,5
47,U1015,135071,0.0,0,0,11,25
48,U1123,132733,1.0,2,1,12,10
49,U1123,132608,1.0,2,1,12,17
50,U1123,135104,2.0,2,2,12,4
51,U1123,132584,1.0,2,0,12,9
52,U1123,132667,1.0,2,1,12,13
53,U1123,132740,1.0,1,1,12,5
54,U1123,132613,1.0,2,1,12,12
55,U1123,132594,1.0,1,1,12,23
56,U1021,132740,2.0,2,1,13,5
57,U1026,132626,2.0,2,2,14,26
58,U1021,132668,2.0,2,2,13,20
59,U1021,132715,2.0,2,1,13,21
60,U1044,134987,0.0,0,0,5,27
61,U1083,135034,2.0,2,2,15,28
62,U1083,132723,1.0,1,1,15,29
63,U1083,135046,2.0,2,1,15,30
64,U1108,135075,2.0,2,2,16,31
65,U1108,132572,1.0,2,1,16,32
66,U1108,135074,2.0,2,1,16,33
67,U1108,135028,1.0,1,1,16,34
68,U1108,135085,1.0,2,1,16,0
69,U1108,135032,2.0,1,2,16,35
70,U1108,135086,1.0,1,0,16,36
71,U1108,132723,2.0,2,2,16,29
72,U1108,135046,1.0,2,1,16,30
73,U1108,135058,1.0,1,1,16,37
74,U1012,135001,1.0,1,2,17,38
75,U1012,134983,2.0,2,2,17,39
76,U1012,134996,2.0,2,2,17,40
77,U1093,135019,2.0,2,2,18,41
78,U1093,134996,2.0,2,2,18,40
79,U1093,135001,2.0,2,2,18,38
80,U1093,134976,2.0,2,1,18,42
81,U1093,134999,2.0,2,2,18,43
82,U1030,135018,2.0,2,2,19,44
83,U1093,135013,2.0,2,1,18,45
84,U1030,134986,2.0,2,2,19,46
85,U1012,134986,2.0,2,2,17,46
86,U1012,135018,2.0,2,2,17,44
87,U1030,135088,1.0,0,1,19,15
88,U1093,132767,2.0,2,2,18,47
89,U1030,135016,0.0,0,0,19,48
90,U1093,135011,1.0,1,0,18,49
91,U1030,132767,0.0,0,0,19,47
92,U1030,135019,0.0,0,0,19,41
93,U1030,135109,0.0,0,0,19,50
94,U1030,134996,0.0,0,0,19,40
95,U1066,135011,1.0,2,2,20,49
96,U1066,134999,1.0,1,1,20,43
97,U1127,134975,2.0,2,2,21,51
98,U1127,135021,2.0,1,1,21,52
99,U1127,134987,2.0,0,2,21,27
100,U1127,134996,2.0,2,2,21,40
101,U1017,132768,1.0,1,1,22,53
102,U1066,135019,2.0,1,0,20,41
103,U1017,134975,2.0,1,1,22,51
104,U1017,134983,0.0,0,1,22,39
105,U1066,132767,1.0,2,1,20,47
106,U1100,135021,2.0,1,0,23,52
107,U1100,134996,2.0,1,1,23,40
108,U1066,135013,1.0,2,2,20,45
109,U1100,135000,2.0,1,1,23,54
110,U1100,135001,2.0,2,2,23,38
111,U1100,132768,2.0,2,2,23,53
112,U1100,134976,2.0,2,1,23,42
113,U1133,134983,1.0,1,1,24,39
114,U1133,134986,2.0,2,2,24,46
115,U1133,132766,1.0,1,0,24,55
116,U1133,132767,0.0,0,0,24,47
117,U1133,135021,2.0,2,2,24,52
118,U1133,135001,2.0,2,2,24,38
119,U1133,134975,1.0,1,1,24,51
120,U1133,134992,1.0,2,1,24,56
121,U1133,135019,1.0,2,0,24,41
122,U1118,134987,0.0,0,0,25,27
123,U1072,135016,1.0,2,2,26,48
124,U1072,132773,2.0,1,2,26,57
125,U1072,135088,0.0,1,0,26,15
126,U1026,132561,1.0,1,1,14,58
127,U1026,132706,0.0,2,0,14,59
128,U1026,132654,0.0,0,0,14,60
129,U1026,132665,2.0,2,2,14,19
130,U1023,132740,0.0,0,0,9,5
131,U1023,132733,2.0,2,2,9,10
132,U1080,132668,1.0,1,1,27,20
133,U1080,132660,2.0,2,2,27,14
134,U1080,132733,1.0,1,1,27,10
135,U1080,132608,2.0,2,2,27,17
136,U1063,132660,2.0,2,2,28,14
137,U1063,132584,2.0,1,1,28,9
138,U1063,132609,1.0,0,1,28,18
139,U1063,135104,1.0,2,1,28,4
140,U1063,132667,1.0,2,1,28,13
141,U1080,132564,1.0,1,1,27,24
142,U1080,132715,1.0,1,1,27,21
143,U1082,132732,0.0,0,0,8,7
144,U1082,132733,0.0,0,0,8,10
145,U1074,135011,2.0,1,2,29,49
146,U1074,134987,2.0,2,2,29,27
147,U1074,134976,2.0,2,2,29,42
148,U1117,135018,1.0,1,1,30,44
149,U1117,132766,0.0,0,1,30,55
150,U1117,135088,1.0,1,2,30,15
151,U1117,135016,2.0,2,1,30,48
152,U1117,132773,1.0,2,2,30,57
153,U1117,135000,1.0,1,1,30,54
154,U1118,132583,0.0,0,0,25,16
155,U1118,132768,0.0,0,0,25,53
156,U1118,135021,2.0,0,0,25,52
157,U1118,134983,0.0,0,0,25,39
158,U1118,135001,0.0,0,0,25,38
159,U1118,134992,0.0,0,0,25,56
160,U1020,135088,1.0,2,0,31,15
161,U1020,132768,2.0,2,2,31,53
162,U1020,134996,1.0,1,1,31,40
163,U1020,135109,2.0,2,1,31,50
164,U1051,135088,1.0,1,1,32,15
165,U1051,135109,1.0,1,1,32,50
166,U1051,132768,1.0,2,1,32,53
167,U1055,135051,1.0,2,2,33,61
168,U1055,135075,2.0,2,2,33,31
169,U1055,132572,2.0,2,2,33,32
170,U1055,135028,2.0,2,2,33,34
171,U1055,135025,2.0,2,2,33,62
172,U1083,132572,2.0,2,2,15,32
173,U1083,135049,0.0,0,0,15,63
174,U1055,135106,2.0,2,2,33,64
175,U1083,135072,1.0,2,2,15,65
176,U1083,135074,2.0,2,2,15,33
177,U1083,132755,2.0,2,2,15,66
178,U1083,135044,1.0,2,2,15,67
179,U1055,135048,2.0,2,2,33,68
180,U1055,135047,2.0,2,2,33,69
181,U1055,132754,2.0,2,2,33,70
182,U1055,132825,2.0,2,2,33,2
183,U1053,135076,1.0,1,1,34,71
184,U1053,135032,2.0,2,1,34,35
185,U1053,132825,1.0,2,0,34,2
186,U1053,135063,2.0,1,2,34,72
187,U1035,135018,1.0,2,1,35,44
188,U1035,132773,2.0,1,2,35,57
189,U1053,135042,2.0,1,2,34,73
190,U1053,135053,2.0,2,0,34,74
191,U1053,132754,1.0,2,1,34,70
192,U1035,132583,1.0,0,2,35,16
193,U1053,135081,2.0,2,1,34,75
194,U1053,135025,2.0,1,2,34,62
195,U1053,135038,2.0,1,2,34,1
196,U1053,135060,2.0,2,1,34,3
197,U1053,135062,2.0,1,1,34,76
198,U1053,135047,2.0,2,2,34,69
199,U1064,135042,1.0,2,1,36,73
200,U1081,135069,1.0,0,1,37,77
201,U1064,135057,1.0,1,2,36,78
202,U1081,135076,1.0,2,2,37,71
203,U1081,135043,0.0,0,1,37,79
204,U1064,135069,0.0,0,1,36,77
205,U1081,135039,0.0,0,0,37,80
206,U1064,135060,1.0,0,1,36,3
207,U1064,135052,2.0,0,2,36,81
208,U1081,132825,1.0,0,1,37,2
209,U1081,135032,0.0,1,1,37,35
210,U1081,135028,1.0,2,2,37,34
211,U1081,135085,1.0,2,1,37,0
212,U1081,135052,0.0,1,1,37,81
213,U1081,135030,1.0,1,1,37,82
214,U1081,135027,0.0,1,1,37,83
215,U1001,132830,1.0,1,1,38,84
216,U1001,132825,2.0,2,1,38,2
217,U1014,135076,1.0,2,1,39,71
218,U1088,132830,0.0,2,2,40,84
219,U1088,135108,2.0,2,2,40,85
220,U1014,135069,1.0,0,1,39,77
221,U1014,135050,2.0,2,2,39,86
222,U1088,135057,1.0,2,2,40,78
223,U1014,135081,2.0,1,1,39,75
224,U1014,135057,1.0,0,2,39,78
225,U1014,135070,2.0,2,2,39,87
226,U1088,135041,2.0,2,2,40,88
227,U1088,135069,1.0,2,2,40,77
228,U1088,135082,2.0,2,2,40,89
229,U1014,135043,1.0,0,0,39,79
230,U1014,135042,1.0,1,0,39,73
231,U1088,135071,0.0,0,0,40,25
232,U1088,135054,2.0,2,2,40,90
233,U1088,135070,2.0,2,1,40,87
234,U1014,135066,2.0,1,2,39,91
235,U1088,135032,2.0,2,2,40,35
236,U1088,135081,1.0,2,2,40,75
237,U1088,135051,2.0,1,2,40,61
238,U1014,132830,2.0,2,1,39,84
239,U1014,135082,0.0,0,0,39,89
240,U1056,135066,2.0,2,2,41,91
241,U1056,135050,0.0,0,0,41,86
242,U1056,135076,2.0,2,2,41,71
243,U1056,135081,2.0,2,2,41,75
244,U1056,135062,2.0,2,2,41,76
245,U1056,135027,2.0,2,2,41,83
246,U1056,135085,2.0,2,2,41,0
247,U1056,135052,2.0,2,2,41,81
248,U1056,132825,2.0,2,2,41,2
249,U1056,135051,2.0,2,2,41,61
250,U1134,135047,1.0,1,1,42,69
251,U1134,135026,0.0,0,0,42,92
252,U1134,135044,1.0,1,1,42,67
253,U1134,132825,1.0,2,1,42,2
254,U1134,135059,2.0,1,0,42,93
255,U1134,135065,2.0,2,2,42,94
256,U1134,135046,2.0,1,1,42,30
257,U1134,135085,2.0,1,2,42,0
258,U1134,135079,1.0,1,2,42,95
259,U1134,135055,2.0,2,2,42,96
260,U1134,132754,2.0,1,1,42,70
261,U1134,132572,0.0,0,0,42,32
262,U1134,135075,2.0,1,1,42,31
263,U1134,135080,1.0,1,1,42,97
264,U1134,135064,2.0,2,2,42,98
265,U1134,135074,2.0,2,2,42,33
266,U1106,135041,1.0,1,1,43,88
267,U1126,135069,0.0,0,0,44,77
268,U1106,135032,0.0,0,0,43,35
269,U1126,135057,2.0,2,2,44,78
270,U1126,132830,0.0,0,0,44,84
271,U1106,135028,2.0,1,0,43,34
272,U1126,135040,0.0,0,0,44,99
273,U1126,135106,2.0,2,2,44,64
274,U1126,135052,2.0,1,1,44,81
275,U1126,135041,2.0,1,1,44,88
276,U1126,135038,1.0,0,1,44,1
277,U1126,135054,1.0,2,1,44,90
278,U1126,135108,2.0,2,1,44,85
279,U1044,134986,2.0,2,2,5,46
280,U1124,135054,1.0,1,1,45,90
281,U1044,132768,2.0,2,2,5,53
282,U1124,135108,1.0,1,1,45,85
283,U1124,135032,1.0,1,1,45,35
284,U1124,135071,1.0,0,1,45,25
285,U1124,135070,1.0,1,1,45,87
286,U1124,135069,1.0,1,1,45,77
287,U1124,135081,1.0,1,0,45,75
288,U1124,135057,1.0,1,1,45,78
289,U1124,135039,1.0,1,1,45,80
290,U1124,135050,0.0,1,0,45,86
291,U1018,135043,0.0,0,0,46,79
292,U1125,135043,1.0,1,2,47,79
293,U1125,135081,0.0,0,2,47,75
294,U1125,135076,1.0,1,1,47,71
295,U1018,135082,2.0,2,2,46,89
296,U1125,135050,2.0,1,1,47,86
297,U1125,135066,1.0,0,1,47,91
298,U1125,135032,1.0,2,1,47,35
299,U1119,134986,2.0,2,2,48,46
300,U1119,135021,0.0,0,0,48,52
301,U1119,135001,2.0,2,2,48,38
302,U1125,135042,1.0,1,1,47,73
303,U1119,132583,2.0,2,2,48,16
304,U1125,135063,1.0,2,1,47,72
305,U1119,132768,2.0,2,2,48,53
306,U1125,135060,1.0,0,2,47,3
307,U1125,135038,2.0,2,1,47,1
308,U1125,135062,1.0,2,1,47,76
309,U1018,135081,1.0,1,1,46,75
310,U1018,135057,1.0,1,0,46,78
311,U1018,135066,1.0,1,1,46,91
312,U1018,135032,1.0,1,1,46,35
313,U1018,135062,0.0,0,1,46,76
314,U1018,135025,1.0,1,1,46,62
315,U1018,135069,0.0,1,1,46,77
316,U1018,135108,1.0,0,1,46,85
317,U1076,135039,2.0,2,1,49,80
318,U1076,135038,1.0,2,2,49,1
319,U1076,135027,0.0,1,1,49,83
320,U1076,135042,2.0,2,2,49,73
321,U1022,135040,0.0,0,0,50,99
322,U1076,135073,2.0,1,1,49,100
323,U1022,135033,1.0,1,2,50,101
324,U1022,135025,0.0,0,0,50,62
325,U1022,135032,1.0,1,2,50,35
326,U1022,135057,2.0,2,2,50,78
327,U1022,135060,1.0,1,2,50,3
328,U1022,135052,2.0,2,2,50,81
329,U1022,135038,2.0,1,2,50,1
330,U1022,135081,0.0,2,1,50,75
331,U1022,135045,2.0,1,1,50,102
332,U1022,135051,2.0,1,1,50,61
333,U1022,135073,2.0,2,2,50,100
334,U1022,135062,1.0,2,1,50,76
335,U1022,135063,2.0,1,2,50,72
336,U1094,135054,0.0,0,0,51,90
337,U1094,135082,0.0,0,0,51,89
338,U1094,135057,0.0,1,0,51,78
339,U1094,135071,0.0,1,0,51,25
340,U1094,132830,0.0,1,0,51,84
341,U1094,135070,0.0,1,0,51,87
342,U1094,135108,0.0,1,1,51,85
343,U1094,135069,0.0,1,0,51,77
344,U1116,135047,2.0,2,2,52,69
345,U1116,135060,0.0,0,0,52,3
346,U1116,135038,2.0,2,2,52,1
347,U1116,135085,2.0,2,2,52,0
348,U1116,135052,2.0,2,2,52,81
349,U1116,135025,2.0,2,2,52,62
350,U1116,135059,0.0,2,2,52,93
351,U1116,135027,0.0,2,2,52,83
352,U1116,132825,2.0,2,2,52,2
353,U1116,135030,1.0,2,2,52,82
354,U1116,132834,2.0,2,2,52,103
355,U1105,135057,0.0,0,0,53,78
356,U1105,135069,0.0,0,0,53,77
357,U1105,132830,0.0,0,0,53,84
358,U1105,135040,0.0,0,0,53,99
359,U1105,135033,0.0,0,0,53,101
360,U1105,135054,0.0,0,0,53,90
361,U1105,135039,0.0,0,0,53,80
362,U1105,135052,0.0,0,0,53,81
363,U1075,135081,1.0,2,1,54,75
364,U1075,135066,2.0,1,2,54,91
365,U1075,135050,2.0,2,2,54,86
366,U1007,135108,1.0,1,1,55,85
367,U1075,135076,2.0,2,0,54,71
368,U1007,135057,1.0,1,2,55,78
369,U1075,135032,1.0,1,1,54,35
370,U1075,132834,1.0,2,1,54,103
371,U1075,135057,2.0,1,1,54,78
372,U1075,132830,1.0,1,1,54,84
373,U1075,135062,1.0,0,1,54,76
374,U1075,135039,2.0,2,0,54,80
375,U1075,135051,1.0,1,1,54,61
376,U1075,135041,1.0,1,0,54,88
377,U1115,135057,2.0,2,2,56,78
378,U1115,135082,2.0,2,2,56,89
379,U1115,135054,0.0,0,1,56,90
380,U1115,135108,1.0,2,2,56,85
381,U1115,135069,1.0,0,1,56,77
382,U1115,132830,2.0,2,2,56,84
383,U1115,135070,1.0,1,1,56,87
384,U1115,135071,2.0,2,2,56,25
385,U1072,135000,0.0,0,0,26,54
386,U1024,132834,1.0,1,1,57,103
387,U1024,135106,1.0,1,1,57,64
388,U1024,135042,1.0,2,1,57,73
389,U1024,132825,1.0,1,0,57,2
390,U1024,135060,1.0,0,2,57,3
391,U1024,135032,2.0,2,2,57,35
392,U1024,135039,2.0,2,2,57,80
393,U1024,135045,2.0,2,0,57,102
394,U1024,135027,1.0,2,0,57,83
395,U1024,135073,1.0,2,0,57,100
396,U1024,135051,1.0,1,0,57,61
397,U1024,135041,1.0,1,1,57,88
398,U1024,135038,1.0,1,0,57,1
399,U1024,135028,1.0,1,1,57,34
400,U1024,135030,1.0,1,1,57,82
401,U1132,135038,1.0,1,1,58,1
402,U1132,132825,2.0,2,2,58,2
403,U1132,135085,2.0,2,2,58,0
404,U1132,135062,2.0,1,1,58,76
405,U1132,135025,1.0,1,2,58,62
406,U1132,135052,2.0,2,2,58,81
407,U1132,135028,2.0,2,2,58,34
408,U1132,135032,1.0,0,1,58,35
409,U1132,135051,1.0,1,0,58,61
410,U1132,135027,2.0,1,0,58,83
411,U1005,135050,1.0,2,1,59,86
412,U1005,135076,2.0,2,1,59,71
413,U1005,132830,1.0,1,0,59,84
414,U1005,135066,2.0,1,1,59,91
415,U1005,135041,1.0,1,1,59,88
416,U1005,135057,1.0,2,1,59,78
417,U1005,135043,0.0,2,0,59,79
418,U1005,135042,2.0,1,2,59,73
419,U1005,135032,2.0,1,2,59,35
420,U1120,135085,0.0,0,0,60,0
421,U1120,132845,1.0,0,2,60,104
422,U1120,135032,1.0,1,1,60,35
423,U1120,135045,1.0,2,2,60,102
424,U1120,135038,0.0,0,0,60,1
425,U1004,135060,1.0,1,1,61,3
426,U1004,135028,2.0,2,2,61,34
427,U1004,135106,2.0,2,2,61,64
428,U1120,135057,2.0,2,2,60,78
429,U1004,135062,2.0,2,1,61,76
430,U1120,135026,1.0,1,1,60,92
431,U1004,135032,2.0,2,2,61,35
432,U1120,132846,2.0,2,1,60,105
433,U1077,135027,0.0,1,1,0,83
434,U1120,132847,2.0,2,2,60,106
435,U1037,135054,2.0,1,1,62,90
436,U1037,135082,0.0,0,0,62,89
437,U1037,135070,0.0,0,0,62,87
438,U1037,132845,0.0,0,0,62,104
439,U1037,135108,2.0,2,2,62,85
440,U1037,132847,1.0,1,1,62,106
441,U1037,132830,2.0,2,2,62,84
442,U1035,135000,2.0,2,2,35,54
443,U1035,134996,2.0,1,2,35,40
444,U1035,134986,2.0,2,2,35,46
445,U1052,132851,1.0,0,2,63,107
446,U1036,132834,1.0,2,2,64,103
447,U1036,135064,2.0,2,1,64,98
448,U1036,135079,2.0,2,2,64,95
449,U1036,135042,2.0,2,2,64,73
450,U1036,135085,2.0,2,2,64,0
451,U1036,135025,2.0,2,2,64,62
452,U1036,132825,2.0,2,2,64,2
453,U1036,135059,2.0,2,2,64,93
454,U1036,135052,2.0,2,2,64,81
455,U1036,132754,2.0,2,2,64,70
456,U1036,135065,0.0,0,0,64,94
457,U1036,135045,2.0,2,2,64,102
458,U1038,132854,1.0,2,2,65,108
459,U1038,132856,0.0,1,1,65,109
460,U1038,132858,0.0,2,1,65,110
461,U1038,132861,1.0,1,2,65,111
462,U1038,132862,2.0,2,2,65,112
463,U1071,132862,2.0,2,2,66,112
464,U1071,135063,2.0,1,2,66,72
465,U1071,135052,2.0,2,2,66,81
466,U1071,135060,1.0,2,2,66,3
467,U1071,135042,2.0,2,2,66,73
468,U1071,132825,2.0,2,2,66,2
469,U1071,132856,2.0,2,2,66,109
470,U1071,135032,2.0,2,2,66,35
471,U1071,132834,1.0,1,1,66,103
472,U1071,135039,2.0,2,2,66,80
473,U1071,135028,2.0,2,2,66,34
474,U1071,135025,2.0,2,2,66,62
475,U1071,135030,2.0,2,2,66,82
476,U1114,135053,0.0,0,0,67,74
477,U1084,135058,1.0,0,2,68,37
478,U1084,132862,2.0,2,2,68,112
479,U1084,135072,2.0,2,2,68,65
480,U1084,135030,2.0,2,2,68,82
481,U1084,135026,2.0,2,2,68,92
482,U1084,135035,2.0,2,2,68,113
483,U1084,135045,2.0,2,2,68,102
484,U1084,132861,2.0,2,2,68,111
485,U1084,135085,2.0,2,2,68,0
486,U1084,132723,1.0,0,1,68,29
487,U1049,132825,0.0,0,0,69,2
488,U1049,135041,0.0,0,0,69,88
489,U1019,132830,0.0,0,0,70,84
490,U1019,135076,0.0,0,0,70,71
491,U1019,135038,0.0,0,0,70,1
492,U1019,132856,0.0,0,0,70,109
493,U1069,135070,0.0,0,0,71,87
494,U1069,135082,0.0,0,0,71,89
495,U1069,135108,0.0,0,0,71,85
496,U1069,132858,0.0,0,0,71,110
497,U1069,135069,0.0,0,0,71,77
498,U1069,132846,0.0,0,0,71,105
499,U1069,132845,0.0,0,0,71,104
500,U1069,132851,1.0,0,0,71,107
501,U1069,132847,0.0,2,0,71,106
502,U1113,135038,1.0,2,0,72,1
503,U1113,135057,2.0,2,1,72,78
504,U1113,135085,1.0,2,1,72,0
505,U1113,135032,0.0,0,0,72,35
506,U1113,135079,1.0,2,1,72,95
507,U1113,135046,2.0,2,1,72,30
508,U1113,132856,0.0,1,0,72,109
509,U1113,132854,0.0,0,0,72,108
510,U1104,135039,0.0,0,1,73,80
511,U1104,132825,1.0,2,1,73,2
512,U1104,135085,2.0,2,1,73,0
513,U1104,135030,2.0,1,1,73,82
514,U1104,135062,1.0,1,2,73,76
515,U1106,135047,0.0,0,0,43,69
516,U1106,135052,0.0,0,0,43,81
517,U1104,132834,1.0,2,1,73,103
518,U1106,135106,0.0,0,0,43,64
519,U1106,132754,2.0,2,1,43,70
520,U1104,135052,1.0,1,1,73,81
521,U1106,132856,0.0,1,0,43,109
522,U1104,135032,2.0,1,1,73,35
523,U1104,135025,2.0,1,1,73,62
524,U1106,132834,2.0,1,1,43,103
525,U1104,135047,1.0,2,1,73,69
526,U1106,135042,2.0,0,0,43,73
527,U1106,135039,2.0,1,1,43,80
528,U1052,132866,2.0,2,1,63,114
529,U1106,135066,2.0,1,2,43,91
530,U1106,135085,2.0,2,2,43,0
531,U1104,135033,1.0,1,2,73,101
532,U1106,135062,2.0,2,1,43,76
533,U1106,132862,2.0,2,2,43,112
534,U1106,135030,2.0,2,1,43,82
535,U1106,135079,2.0,2,2,43,95
536,U1106,135064,2.0,2,2,43,98
537,U1052,132869,2.0,2,1,63,115
538,U1052,132870,1.0,1,1,63,116
539,U1104,135041,1.0,2,1,73,88
540,U1079,134986,2.0,2,2,74,46
541,U1079,134976,1.0,1,0,74,42
542,U1079,132768,2.0,2,2,74,53
543,U1079,132766,1.0,2,1,74,55
544,U1045,132825,2.0,1,1,75,2
545,U1045,135064,0.0,0,0,75,98
546,U1045,132856,1.0,2,2,75,109
547,U1045,135085,2.0,2,2,75,0
548,U1045,135032,0.0,0,0,75,35
549,U1045,132834,1.0,1,1,75,103
550,U1045,135052,1.0,2,2,75,81
551,U1045,135060,2.0,2,2,75,3
552,U1045,135051,2.0,2,2,75,61
553,U1045,135041,1.0,2,1,75,88
554,U1009,132754,1.0,2,1,76,70
555,U1009,132862,2.0,1,2,76,112
556,U1009,135060,1.0,1,1,76,3
557,U1009,135059,2.0,1,1,76,93
558,U1009,132834,2.0,2,1,76,103
559,U1009,135058,1.0,1,2,76,37
560,U1009,135038,2.0,2,2,76,1
561,U1009,132825,1.0,1,0,76,2
562,U1009,135052,2.0,1,0,76,81
563,U1009,135063,0.0,0,0,76,72
564,U1009,135079,1.0,2,2,76,95
565,U1016,132834,2.0,2,2,77,103
566,U1016,135042,1.0,2,2,77,73
567,U1016,135032,2.0,2,2,77,35
568,U1016,135106,2.0,2,2,77,64
569,U1016,132856,2.0,2,2,77,109
570,U1016,135045,2.0,2,2,77,102
571,U1016,135060,2.0,2,2,77,3
572,U1016,135066,2.0,2,2,77,91
573,U1016,135085,2.0,2,0,77,0
574,U1016,135052,2.0,2,2,77,81
575,U1016,132862,2.0,2,2,77,112
576,U1016,135051,2.0,2,0,77,61
577,U1016,135062,2.0,2,2,77,76
578,U1047,132875,0.0,0,0,78,117
579,U1047,132877,0.0,0,0,78,118
580,U1047,132884,0.0,0,0,78,119
581,U1095,132872,1.0,2,2,79,120
582,U1095,135034,2.0,2,2,79,28
583,U1095,135058,1.0,2,2,79,37
584,U1034,135086,1.0,1,1,80,36
585,U1095,132861,1.0,1,1,79,111
586,U1034,135049,0.0,0,0,80,63
587,U1034,132723,1.0,0,1,80,29
588,U1095,132723,2.0,2,2,79,29
589,U1095,135086,1.0,2,1,79,36
590,U1095,135055,2.0,2,2,79,96
591,U1007,135058,1.0,2,1,55,37
592,U1007,135085,1.0,2,0,55,0
593,U1095,135064,1.0,1,1,79,98
594,U1095,135035,2.0,2,2,79,113
595,U1095,135072,2.0,2,2,79,65
596,U1007,135025,1.0,1,1,55,62
597,U1007,135032,1.0,1,0,55,35
598,U1007,135086,0.0,0,0,55,36
599,U1007,132572,1.0,1,1,55,32
600,U1007,135038,1.0,1,0,55,1
601,U1078,132885,1.0,1,1,81,121
602,U1099,135076,1.0,1,0,82,71
603,U1099,132834,2.0,2,2,82,103
604,U1008,132866,1.0,1,1,83,114
605,U1008,132858,1.0,2,1,83,110
606,U1099,135043,2.0,2,2,82,79
607,U1099,132885,0.0,0,0,82,121
608,U1008,132854,2.0,2,1,83,108
609,U1099,132872,1.0,1,2,82,120
610,U1008,135108,1.0,1,0,83,85
611,U1008,132851,1.0,1,1,83,107
612,U1099,132856,1.0,1,0,82,109
613,U1008,132869,1.0,1,1,83,115
614,U1099,135066,1.0,1,1,82,91
615,U1008,135069,1.0,1,1,83,77
616,U1099,135038,0.0,1,1,82,1
617,U1099,135060,2.0,2,2,82,3
618,U1099,135045,1.0,1,1,82,102
619,U1008,132846,1.0,1,1,83,105
620,U1008,135054,1.0,1,1,83,90
621,U1099,135042,1.0,1,1,82,73
622,U1040,132773,1.0,1,1,84,57
623,U1040,134999,1.0,1,1,84,43
624,U1040,135013,2.0,2,2,84,45
625,U1040,135019,1.0,2,1,84,41
626,U1121,135021,0.0,0,0,85,52
627,U1110,135021,1.0,2,1,86,52
628,U1110,132767,2.0,2,2,86,47
629,U1110,135013,2.0,2,2,86,45
630,U1110,134999,2.0,2,2,86,43
631,U1121,135019,2.0,2,2,85,41
632,U1121,132767,2.0,2,2,85,47
633,U1121,134999,2.0,2,2,85,43
634,U1042,132768,2.0,2,1,87,53
635,U1042,135021,1.0,2,0,87,52
636,U1042,134996,2.0,2,2,87,40
637,U1013,135079,1.0,1,1,88,95
638,U1013,135072,2.0,1,1,88,65
639,U1013,135085,1.0,2,0,88,0
640,U1013,135076,1.0,1,0,88,71
641,U1054,135062,2.0,2,0,89,76
642,U1054,135060,2.0,2,2,89,3
643,U1054,135039,2.0,2,1,89,80
644,U1054,135052,2.0,2,1,89,81
645,U1054,132856,2.0,2,2,89,109
646,U1054,135051,2.0,2,0,89,61
647,U1054,135025,2.0,2,2,89,62
648,U1054,135041,2.0,2,2,89,88
649,U1054,135038,2.0,1,1,89,1
650,U1054,135032,1.0,1,1,89,35
651,U1054,135045,2.0,1,2,89,102
652,U1042,134986,2.0,2,2,87,46
653,U1042,134992,1.0,2,1,87,56
654,U1111,132845,2.0,2,1,90,104
655,U1111,135071,2.0,2,2,90,25
656,U1111,132858,1.0,1,1,90,110
657,U1111,132854,2.0,2,2,90,108
658,U1111,132877,1.0,1,1,90,118
659,U1037,135071,1.0,0,0,62,25
660,U1111,132851,2.0,1,0,90,107
661,U1111,135108,2.0,1,0,90,85
662,U1111,132869,0.0,0,0,90,115
663,U1037,132869,1.0,1,2,62,115
664,U1111,132870,0.0,0,0,90,116
665,U1037,132851,2.0,2,1,62,107
666,U1111,132847,0.0,0,0,90,106
667,U1111,135082,1.0,0,0,90,89
668,U1037,132854,1.0,2,0,62,108
669,U1015,132845,1.0,1,1,11,104
670,U1015,132866,0.0,1,1,11,114
671,U1015,132870,0.0,0,1,11,116
672,U1015,135054,1.0,1,1,11,90
673,U1015,132869,2.0,2,2,11,115
674,U1015,132851,1.0,1,1,11,107
675,U1015,132877,1.0,1,2,11,118
676,U1128,132872,0.0,0,0,91,120
677,U1062,132872,0.0,0,0,92,120
678,U1101,135039,1.0,1,1,93,80
679,U1101,135027,2.0,1,1,93,83
680,U1101,135073,1.0,1,1,93,100
681,U1101,135106,0.0,0,0,93,64
682,U1101,132856,1.0,0,1,93,109
683,U1101,135032,2.0,2,1,93,35
684,U1101,135038,2.0,2,1,93,1
685,U1101,135051,2.0,0,2,93,61
686,U1101,135052,2.0,1,1,93,81
687,U1101,135041,0.0,0,0,93,88
688,U1001,135085,0.0,1,1,38,0
689,U1001,135040,1.0,1,1,38,99
690,U1001,135039,1.0,1,1,38,80
691,U1001,135045,1.0,1,1,38,102
692,U1001,135033,1.0,1,1,38,101
693,U1001,135025,2.0,2,2,38,62
694,U1001,135051,1.0,1,2,38,61
695,U1135,135085,0.0,0,0,94,0
696,U1135,135106,0.0,0,0,94,64
697,U1135,135052,0.0,0,0,94,81
698,U1135,135041,0.0,0,0,94,88
699,U1032,132872,1.0,1,1,95,120
700,U1032,135058,2.0,1,0,95,37
701,U1032,135079,2.0,2,0,95,95
702,U1032,135085,1.0,1,1,95,0
703,U1032,135042,0.0,1,0,95,73
704,U1032,132856,1.0,1,0,95,109
705,U1135,132825,0.0,0,0,94,2
706,U1135,132834,0.0,0,0,94,103
707,U1032,135038,1.0,1,0,95,1
708,U1032,132834,1.0,1,0,95,103
709,U1032,135060,1.0,1,1,95,3
710,U1135,135058,0.0,0,0,94,37
711,U1032,135032,0.0,0,0,95,35
712,U1135,135063,0.0,0,0,94,72
713,U1135,132856,0.0,0,0,94,109
714,U1135,135045,0.0,0,0,94,102
715,U1135,135028,0.0,0,0,94,34
716,U1135,135032,0.0,0,0,94,35
717,U1135,135042,0.0,0,0,94,73
718,U1135,135060,0.0,0,0,94,3
719,U1048,135049,1.0,0,2,96,63
720,U1048,135026,2.0,2,2,96,92
721,U1048,135034,2.0,2,1,96,28
722,U1048,135048,0.0,1,0,96,68
723,U1048,135065,2.0,2,0,96,94
724,U1048,132755,2.0,2,2,96,66
725,U1048,132723,2.0,2,2,96,29
726,U1062,135085,0.0,0,0,92,0
727,U1062,135053,0.0,0,0,92,74
728,U1092,135071,1.0,0,0,97,25
729,U1062,132825,0.0,0,0,92,2
730,U1092,135085,0.0,0,0,97,0
731,U1062,135052,0.0,0,0,92,81
732,U1092,135046,0.0,0,0,97,30
733,U1062,135062,0.0,0,0,92,76
734,U1092,132572,1.0,0,0,97,32
735,U1062,135038,0.0,0,0,92,1
736,U1062,135045,0.0,0,0,92,102
737,U1092,135025,2.0,1,1,97,62
738,U1062,132834,0.0,0,0,92,103
739,U1092,132723,1.0,1,1,97,29
740,U1051,134996,1.0,1,2,32,40
741,U1013,132875,2.0,2,1,88,117
742,U1085,135043,2.0,2,2,98,79
743,U1085,132885,0.0,0,0,98,121
744,U1085,135050,2.0,2,2,98,86
745,U1085,135076,2.0,2,2,98,71
746,U1085,135081,2.0,2,2,98,75
747,U1109,135028,2.0,2,2,99,34
748,U1109,132856,1.0,1,1,99,109
749,U1085,135042,0.0,0,0,98,73
750,U1085,135059,2.0,2,1,98,93
751,U1109,132825,2.0,2,2,99,2
752,U1085,132872,0.0,2,2,98,120
753,U1085,135055,2.0,2,2,98,96
754,U1109,135032,2.0,2,2,99,35
755,U1085,132825,2.0,2,2,98,2
756,U1109,135063,2.0,2,2,99,72
757,U1109,135042,2.0,2,2,99,73
758,U1109,135058,2.0,2,2,99,37
759,U1109,135085,2.0,2,2,99,0
760,U1109,135038,2.0,2,2,99,1
761,U1109,132872,1.0,1,1,99,120
762,U1078,135081,1.0,1,1,81,75
763,U1078,135060,2.0,2,2,81,3
764,U1078,135106,2.0,2,2,81,64
765,U1078,135041,2.0,1,2,81,88
766,U1078,132834,0.0,2,1,81,103
767,U1078,135052,2.0,2,2,81,81
768,U1019,135079,0.0,0,0,70,95
769,U1102,132846,2.0,2,2,100,105
770,U1098,132885,1.0,1,0,101,121
771,U1098,135060,2.0,1,2,101,3
772,U1098,132856,1.0,2,1,101,109
773,U1046,135026,1.0,0,2,102,92
774,U1122,135066,2.0,1,1,103,91
775,U1122,135065,2.0,2,2,103,94
776,U1122,132872,2.0,2,2,103,120
777,U1122,135058,2.0,0,2,103,37
778,U1122,132834,2.0,1,1,103,103
779,U1122,132754,2.0,1,2,103,70
780,U1122,135079,2.0,2,2,103,95
781,U1122,135038,2.0,2,2,103,1
782,U1122,135085,2.0,2,1,103,0
783,U1122,135030,2.0,1,1,103,82
784,U1122,135064,1.0,1,1,103,98
785,U1122,135053,2.0,2,2,103,74
786,U1138,132921,2.0,2,1,104,122
787,U1138,132922,2.0,2,2,104,123
788,U1138,132925,1.0,2,1,104,124
789,U1013,132921,2.0,2,1,88,122
790,U1098,135085,1.0,2,1,101,0
791,U1098,132825,1.0,1,1,101,2
792,U1098,135079,2.0,1,1,101,95
793,U1098,135032,2.0,1,1,101,35
794,U1098,135038,1.0,1,1,101,1
795,U1098,132861,2.0,2,1,101,111
796,U1098,135046,1.0,2,1,101,30
797,U1098,132862,1.0,2,2,101,112
798,U1098,132921,1.0,2,1,101,122
799,U1034,132884,0.0,0,0,80,119
800,U1034,135055,0.0,0,0,80,96
801,U1034,135035,1.0,1,1,80,113
802,U1033,135065,1.0,1,1,105,94
803,U1033,135028,2.0,1,1,105,34
804,U1033,135085,2.0,2,2,105,0
805,U1033,135046,2.0,1,1,105,30
806,U1033,135045,2.0,1,2,105,102
807,U1033,132951,2.0,1,0,105,125
808,U1033,132572,1.0,0,0,105,32
809,U1033,132921,2.0,1,1,105,122
810,U1033,135075,2.0,1,0,105,31
811,U1033,135038,1.0,1,1,105,1
812,U1033,135030,2.0,1,1,105,82
813,U1089,135058,1.0,1,1,106,37
814,U1089,135064,1.0,1,1,106,98
815,U1089,135028,1.0,1,1,106,34
816,U1089,132951,1.0,1,1,106,125
817,U1003,135064,0.0,0,0,107,98
818,U1089,132921,1.0,1,1,106,122
819,U1003,132825,2.0,2,1,107,2
820,U1089,132754,1.0,1,1,106,70
821,U1003,135075,2.0,2,2,107,31
822,U1089,135026,1.0,1,1,106,92
823,U1003,132862,1.0,2,2,107,112
824,U1089,132872,1.0,1,1,106,120
825,U1089,135085,1.0,1,1,106,0
826,U1003,135041,0.0,1,1,107,88
827,U1089,135072,1.0,1,1,106,65
828,U1089,132834,1.0,1,1,106,103
829,U1003,132937,2.0,2,1,107,126
830,U1089,132875,1.0,1,1,106,117
831,U1089,135038,0.0,0,0,106,1
832,U1003,132922,2.0,2,2,107,123
833,U1091,132825,0.0,1,1,108,2
834,U1091,135075,2.0,2,2,108,31
835,U1089,135079,0.0,0,0,106,95
836,U1003,132723,2.0,2,1,107,29
837,U1091,132861,1.0,1,1,108,111
838,U1003,132755,2.0,2,1,107,66
839,U1091,132875,1.0,2,2,108,117
840,U1003,135080,2.0,1,2,107,97
841,U1091,135086,1.0,1,1,108,36
842,U1003,135079,2.0,2,2,107,95
843,U1027,135066,0.0,0,0,109,91
844,U1091,135080,0.0,1,1,108,97
845,U1027,132921,1.0,1,1,109,122
846,U1091,132572,2.0,2,2,108,32
847,U1027,135052,1.0,1,1,109,81
848,U1091,132884,2.0,2,2,108,119
849,U1091,135035,1.0,1,1,108,113
850,U1027,132937,1.0,1,1,109,126
851,U1027,132951,1.0,1,1,109,125
852,U1027,132925,1.0,1,1,109,124
853,U1027,132872,1.0,1,1,109,120
854,U1027,132875,1.0,1,1,109,117
855,U1027,135085,1.0,1,1,109,0
856,U1027,135042,1.0,1,1,109,73
857,U1027,135062,1.0,1,1,109,76
858,U1029,135047,1.0,1,1,110,69
859,U1029,135059,2.0,1,1,110,93
860,U1029,132937,1.0,1,1,110,126
861,U1029,135085,1.0,1,1,110,0
862,U1029,132834,0.0,1,0,110,103
863,U1029,132754,0.0,0,0,110,70
864,U1029,132825,1.0,1,0,110,2
865,U1029,132921,1.0,1,1,110,122
866,U1029,132862,1.0,1,1,110,112
867,U1029,132922,1.0,1,1,110,123
868,U1086,135063,1.0,1,1,111,72
869,U1086,132921,1.0,1,1,111,122
870,U1086,135085,2.0,1,1,111,0
871,U1086,132922,2.0,1,2,111,123
872,U1086,132937,2.0,0,1,111,126
873,U1086,135045,2.0,2,2,111,102
874,U1086,135041,2.0,2,2,111,88
875,U1086,135060,1.0,1,1,111,3
876,U1086,132951,1.0,1,1,111,125
877,U1019,132921,0.0,0,0,70,122
878,U1019,132834,0.0,0,0,70,103
879,U1137,132951,2.0,2,2,112,125
880,U1019,135062,0.0,0,0,70,76
881,U1019,135086,0.0,0,0,70,36
882,U1137,135085,2.0,1,2,112,0
883,U1137,132834,2.0,2,2,112,103
884,U1090,132572,1.0,1,2,113,32
885,U1137,132862,2.0,2,2,112,112
886,U1137,135058,0.0,2,2,112,37
887,U1137,135059,2.0,0,2,112,93
888,U1137,135062,2.0,2,2,112,76
889,U1137,132825,2.0,2,1,112,2
890,U1137,132723,2.0,2,2,112,29
891,U1137,132755,2.0,2,2,112,66
892,U1137,135042,2.0,2,2,112,73
893,U1137,132884,2.0,2,2,112,119
894,U1137,135049,2.0,2,2,112,63
895,U1137,135075,2.0,2,2,112,31
896,U1114,132825,0.0,0,0,67,2
897,U1114,135065,0.0,0,0,67,94
898,U1114,135058,0.0,0,0,67,37
899,U1114,132723,0.0,0,0,67,29
900,U1114,132951,0.0,0,0,67,125
901,U1114,132872,1.0,1,1,67,120
902,U1114,132834,0.0,0,0,67,103
903,U1114,135072,0.0,0,0,67,65
904,U1114,132754,0.0,0,0,67,70
905,U1114,132755,1.0,2,1,67,66
906,U1061,132825,1.0,2,1,114,2
907,U1061,135048,2.0,2,2,114,68
908,U1061,132921,1.0,2,1,114,122
909,U1061,135026,2.0,2,2,114,92
910,U1061,132723,2.0,2,1,114,29
911,U1061,135075,2.0,2,2,114,31
912,U1061,135034,2.0,2,2,114,28
913,U1061,135041,2.0,2,2,114,88
914,U1013,132572,1.0,1,0,88,32
915,U1013,135075,2.0,2,1,88,31
916,U1061,135046,1.0,2,1,114,30
917,U1061,132572,1.0,2,2,114,32
918,U1061,135058,1.0,1,1,114,37
919,U1046,135044,1.0,1,0,102,67
920,U1046,135065,2.0,2,2,102,94
921,U1046,132921,2.0,1,2,102,122
922,U1046,135085,1.0,2,1,102,0
923,U1046,132572,1.0,2,0,102,32
924,U1046,135058,2.0,2,1,102,37
925,U1046,132951,1.0,1,2,102,125
926,U1046,132861,1.0,2,2,102,111
927,U1041,135001,1.0,1,1,115,38
928,U1041,134983,2.0,2,2,115,39
929,U1041,135021,2.0,2,2,115,52
930,U1041,134992,2.0,2,2,115,56
931,U1041,132768,2.0,2,1,115,53
932,U1041,135109,1.0,2,1,115,50
933,U1004,132954,2.0,2,2,61,127
934,U1004,132955,2.0,2,2,61,128
935,U1004,132958,2.0,2,2,61,129
936,U1003,132754,2.0,2,2,107,70
937,U1059,135064,1.0,1,0,116,98
938,U1059,135075,2.0,2,1,116,31
939,U1059,135028,1.0,1,1,116,34
940,U1061,132834,1.0,2,1,114,103
941,U1061,135086,1.0,1,2,114,36
942,U1061,132754,2.0,2,2,114,70
943,U1061,135080,2.0,2,2,114,97
944,U1090,135062,2.0,2,2,113,76
945,U1090,135052,2.0,2,2,113,81
946,U1112,135047,0.0,0,0,117,69
947,U1112,135026,1.0,1,1,117,92
948,U1112,135064,0.0,1,1,117,98
949,U1090,132862,2.0,2,2,113,112
950,U1057,135070,1.0,1,1,118,87
951,U1112,132954,0.0,0,1,117,127
952,U1057,135043,1.0,1,1,118,79
953,U1112,135079,1.0,0,0,117,95
954,U1112,135062,0.0,0,1,117,76
955,U1090,135051,1.0,2,1,113,61
956,U1090,132954,2.0,2,2,113,127
957,U1112,135048,0.0,0,0,117,68
958,U1057,132954,1.0,0,0,118,127
959,U1112,135086,0.0,0,0,117,36
960,U1061,132955,2.0,2,2,114,128
961,U1112,132921,1.0,0,0,117,122
962,U1061,132958,2.0,2,2,114,129
963,U1112,135046,0.0,0,0,117,30
964,U1090,135085,2.0,2,2,113,0
965,U1112,132572,0.0,0,1,117,32
966,U1090,132922,2.0,2,2,113,123
967,U1025,132866,2.0,1,2,119,114
968,U1057,135080,1.0,1,0,118,97
969,U1112,132834,1.0,0,0,117,103
970,U1057,132825,1.0,1,0,118,2
971,U1112,132862,1.0,1,1,117,112
972,U1061,132954,2.0,1,2,114,127
973,U1025,132877,1.0,1,1,119,118
974,U1057,135064,1.0,1,0,118,98
975,U1057,135046,1.0,0,0,118,30
976,U1090,135025,2.0,2,2,113,62
977,U1090,132925,2.0,2,2,113,124
978,U1057,132862,1.0,0,0,118,112
979,U1057,135075,0.0,1,1,118,31
980,U1025,132847,2.0,1,1,119,106
981,U1057,135030,1.0,0,1,118,82
982,U1025,135071,2.0,2,2,119,25
983,U1057,132834,1.0,0,1,118,103
984,U1025,132958,1.0,0,0,119,129
985,U1025,132825,0.0,0,0,119,2
986,U1025,135028,2.0,1,0,119,34
987,U1025,135047,1.0,1,1,119,69
988,U1025,132846,2.0,2,2,119,105
989,U1025,135064,2.0,2,2,119,98
990,U1025,132830,2.0,2,2,119,84
991,U1097,135079,2.0,1,0,120,95
992,U1097,135058,2.0,1,1,120,37
993,U1097,132954,1.0,1,0,120,127
994,U1097,132958,2.0,1,1,120,129
995,U1097,135026,1.0,0,1,120,92
996,U1059,132955,2.0,1,2,116,128
997,U1059,135044,2.0,1,1,116,67
998,U1059,132862,0.0,0,0,116,112
999,U1059,135085,2.0,2,2,116,0
1000,U1059,135030,2.0,2,2,116,82
1001,U1128,135053,0.0,0,0,91,74
1002,U1059,132825,2.0,1,1,116,2
1003,U1059,132754,2.0,2,2,116,70
1004,U1128,135058,0.0,0,0,91,37
1005,U1128,132875,0.0,0,0,91,117
1006,U1128,135079,0.0,0,0,91,95
1007,U1128,132925,0.0,0,0,91,124
1008,U1128,135064,0.0,0,0,91,98
1009,U1128,132921,0.0,0,0,91,122
1010,U1128,135060,0.0,0,0,91,3
1011,U1128,132954,0.0,0,0,91,127
1012,U1128,132951,0.0,0,0,91,125
1013,U1097,132921,2.0,2,1,120,122
1014,U1097,132955,2.0,2,1,120,128
1015,U1097,132884,1.0,1,1,120,119
1016,U1097,135049,2.0,1,1,120,63
1017,U1097,135034,2.0,2,1,120,28
1018,U1006,132954,1.0,1,1,121,127
1019,U1006,135079,1.0,1,1,121,95
1020,U1006,132875,2.0,2,2,121,117
1021,U1006,135026,2.0,2,2,121,92
1022,U1006,132922,2.0,1,2,121,123
1023,U1006,132572,1.0,0,1,121,32
1024,U1006,135075,1.0,1,2,121,31
1025,U1006,132825,1.0,1,1,121,2
1026,U1006,135048,1.0,1,2,121,68
1027,U1006,135030,1.0,1,2,121,82
1028,U1006,132884,2.0,2,2,121,119
1029,U1131,135054,2.0,1,2,122,90
1030,U1131,132869,1.0,2,1,122,115
1031,U1131,132866,2.0,2,2,122,114
1032,U1131,135082,0.0,1,0,122,89
1033,U1131,132851,2.0,2,2,122,107
1034,U1131,132870,0.0,2,0,122,116
1035,U1073,135062,0.0,0,0,123,76
1036,U1073,132572,0.0,0,0,123,32
1037,U1073,135064,0.0,0,0,123,98
1038,U1073,135080,0.0,0,0,123,97
1039,U1073,132951,0.0,0,0,123,125
1040,U1073,132954,0.0,0,0,123,127
1041,U1073,135052,0.0,0,0,123,81
1042,U1073,132834,0.0,0,0,123,103
1043,U1073,135060,0.0,0,0,123,3
1044,U1073,135065,0.0,0,0,123,94
1045,U1073,132862,0.0,0,0,123,112
1046,U1049,132921,0.0,0,0,69,122
1047,U1049,135042,0.0,0,0,69,73
1048,U1049,135032,0.0,0,0,69,35
1049,U1049,135051,0.0,0,0,69,61
1050,U1049,135085,0.0,0,0,69,0
1051,U1049,132862,0.0,0,0,69,112
1052,U1049,135052,0.0,0,0,69,81
1053,U1058,135076,2.0,2,2,124,71
1054,U1058,135043,1.0,2,2,124,79
1055,U1058,135058,2.0,2,0,124,37
1056,U1058,135053,2.0,1,1,124,74
1057,U1058,132885,1.0,1,1,124,121
1058,U1058,135050,1.0,0,0,124,86
1059,U1058,132872,2.0,2,1,124,120
1060,U1058,135066,1.0,1,1,124,91
1061,U1002,132921,2.0,1,1,125,122
1062,U1002,135062,1.0,2,1,125,76
1063,U1002,135106,1.0,1,1,125,64
1064,U1002,132825,2.0,2,0,125,2
1065,U1002,135052,1.0,1,1,125,81
1066,U1002,132862,2.0,2,2,125,112
1067,U1096,132875,2.0,2,2,126,117
1068,U1002,135059,1.0,2,1,125,93
1069,U1002,135041,2.0,1,0,125,88
1070,U1002,132925,1.0,1,2,125,124
1071,U1002,135085,1.0,1,1,125,0
1072,U1096,135025,2.0,2,2,126,62
1073,U1096,135072,1.0,2,1,126,65
1074,U1096,135064,1.0,1,0,126,98
1075,U1096,135086,1.0,0,2,126,36
1076,U1096,135055,2.0,2,2,126,96
1077,U1136,135074,1.0,1,2,127,33
1078,U1096,135026,2.0,2,2,126,92
1079,U1136,132862,2.0,2,2,127,112
1080,U1096,132955,2.0,2,2,126,128
1081,U1136,132921,2.0,2,2,127,122
1082,U1136,135072,1.0,1,1,127,65
1083,U1096,132723,1.0,2,1,126,29
1084,U1136,135055,2.0,2,2,127,96
1085,U1136,135064,1.0,1,1,127,98
1086,U1096,132958,1.0,2,2,126,129
1087,U1096,135075,1.0,2,1,126,31
1088,U1136,132958,2.0,2,2,127,129
1089,U1136,135048,1.0,2,2,127,68
1090,U1136,135046,2.0,2,2,127,30
1091,U1136,135028,2.0,2,2,127,34
1092,U1097,135086,2.0,0,1,120,36
1093,U1097,135053,2.0,2,2,120,74
1094,U1097,132861,2.0,2,1,120,111
1095,U1058,135062,2.0,2,2,124,76
1096,U1058,135055,2.0,2,2,124,96
1097,U1010,135053,1.0,1,1,128,74
1098,U1010,135058,1.0,0,0,128,37
1099,U1010,135079,0.0,0,0,128,95
1100,U1003,135059,2.0,2,2,107,93
1101,U1010,135064,0.0,2,0,128,98
1102,U1010,135047,1.0,1,1,128,69
1103,U1010,135065,1.0,1,1,128,94
1104,U1102,132854,2.0,2,2,100,108
1105,U1102,132858,2.0,2,0,100,110
1106,U1010,135042,2.0,2,2,128,73
1107,U1102,132870,2.0,2,0,100,116
1108,U1010,135076,1.0,2,2,128,71
1109,U1102,132847,2.0,2,0,100,106
1110,U1013,132951,2.0,2,2,88,125
1111,U1013,135060,1.0,1,0,88,3
1112,U1028,132732,1.0,1,1,129,7
1113,U1028,132733,1.0,1,1,129,10
1114,U1028,135104,0.0,1,0,129,4
1115,U1050,132732,0.0,1,1,130,7
1116,U1050,132609,0.0,0,0,130,18
1117,U1050,132608,0.0,0,0,130,17
1118,U1050,132560,0.0,2,0,130,11
1119,U1050,132740,0.0,2,0,130,5
1120,U1050,132594,0.0,2,0,130,23
1121,U1050,132584,0.0,0,0,130,9
1122,U1028,132740,1.0,1,1,129,5
1123,U1129,132706,0.0,0,1,131,59
1124,U1129,132654,0.0,0,0,131,60
1125,U1028,132630,2.0,2,2,129,8
1126,U1028,132663,0.0,0,0,129,6
1127,U1028,132613,2.0,2,2,129,12
1128,U1087,132667,2.0,2,1,132,13
1129,U1087,135104,1.0,2,1,132,4
1130,U1087,132660,1.0,1,0,132,14
1131,U1087,132732,2.0,2,1,132,7
1132,U1087,132740,1.0,2,1,132,5
1133,U1087,132560,1.0,2,1,132,11
1134,U1087,132594,1.0,2,1,132,23
1135,U1087,132663,1.0,2,1,132,6
1136,U1065,132626,1.0,0,1,133,26
1137,U1065,132706,2.0,1,2,133,59
1138,U1129,132561,1.0,2,2,131,58
1139,U1065,132665,1.0,1,1,133,19
1140,U1129,132665,0.0,0,0,131,19
1141,U1065,132561,1.0,1,1,133,58
1142,U1039,132626,2.0,2,1,134,26
1143,U1039,132564,1.0,1,2,134,24
1144,U1065,132654,1.0,1,1,133,60
1145,U1039,132665,1.0,1,2,134,19
1146,U1130,132654,0.0,0,0,135,60
1147,U1130,132561,0.0,0,0,135,58
1148,U1130,132626,0.0,0,0,135,26
1149,U1130,132706,1.0,2,1,135,59
1150,U1043,132608,1.0,1,1,136,17
1151,U1043,132609,1.0,2,1,136,18
1152,U1011,132717,2.0,2,1,137,22
1153,U1043,132613,1.0,1,1,136,12
1154,U1011,132564,1.0,1,1,137,24
1155,U1043,132732,1.0,1,1,136,7
1156,U1043,132630,1.0,1,1,136,8
1157,U1011,132715,1.0,1,0,137,21
1158,U1068,132733,1.0,1,0,1,10
1159,U1068,132594,1.0,1,1,1,23
1160,U1068,132660,0.0,0,0,1,14
